73509,James,Butt,
66108,Josephine,Darakjy,
51111,Art,Venere,
13011,Lenna,Paprocki,
1609,Donette,Foller,
15411,Simona,Morasca,
9510,Mitsue,Tollner,
20210,Leota,Dilliard,
22110,Sage,Wieser,
34410,Kris,Marrier,
53509,Minna,Amigon,
69009,Abel,Maclead,
104709,Kiley,Caldarera,
41408,Graciela,Ruta,
76008,Cammy,Albares,
119208,Mattie,Poquette,
15310,Meaghan,Garufi,
88809,Gladys,Rim,
105711,Yuki,Whobrey,
114411,Fletcher,Flosi,
109611,Bette,Nicka,
108611,Veronika,Inouye,
88111,Willard,Kolmetz,
118908,Maryann,Royster,
57711,Alisha,Slusarski,
22209,Allene,Iturbide,
103110,Chanel,Caudy,
24408,Ezekiel,Chui,
97909,Willow,Kusko,
62008,Bernardo,Figeroa,
40009,Ammie,Corrio,
8308,Francine,Vocelka,
4911,Ernie,Stenseth,
6809,Albina,Glick,
97709,Alishia,Sergi,
102309,Solange,Shinko,
128910,Jose,Stockham,
35110,Rozella,Ostrosky,
103909,Valentine,Gillian,
134010,Kati,Rulapaugh,
98511,Youlanda,Schemmer,
36711,Dyan,Oldroyd,
76809,Roxane,Campain,
10909,Lavera,Perin,
79509,Erick,Ferencz,
55208,Fatima,Saylors,
54309,Jina,Briddick,
88510,Kanisha,Waycott,
113910,Emerson,Bowley,
6811,Blair,Malet,
28310,Brock,Bolognia,
101010,Lorrie,Nestle,
51209,Sabra,Uyetake,
58809,Marjory,Mastella,
85309,Karl,Klonowski,
29708,Tonette,Wenner,
87411,Amber,Monarrez,
103109,Shenika,Seewald,
45311,Delmy,Ahle,
42310,Deeanna,Juhas,
23508,Blondell,Pugh,
81810,Jamal,Vanausdal,
27111,Cecily,Hollack,
45310,Carmelina,Lindall,
79308,Maurine,Yglesias,
11011,Tawna,Buvens,
6609,Penney,Weight,
117110,Elly,Morocco,
59609,Ilene,Eroman,
64008,Vallie,Mondella,
64609,Kallie,Blackwood,
21211,Johnetta,Abdallah,
116711,Bobbye,Rhym,
59610,Micaela,Rhymes,
37010,Tamar,Hoogland,
2310,Moon,Parlato,
60510,Laurel,Reitler,
83310,Delisa,Crupi,
102209,Viva,Toelkes,
105009,Elza,Lipke,
131210,Devorah,Chickering,
55808,Timothy,Mulqueen,
63710,Arlette,Honeywell,
27110,Dominque,Dickerson,
4711,Lettie,Isenhower,
54311,Myra,Munns,
99310,Stephaine,Barfield,
26609,Lai,Gato,
35909,Stephen,Emigh,
39709,Tyra,Shields,
74109,Tammara,Wardrip,
55911,Cory,Gibes,
125710,Danica,Bruschke,
51911,Wilda,Giguere,
131910,Elvera,Benimadho,
81808,Carma,Vanheusen,
60009,Malinda,Hochard,
107411,Natalie,Fern,
18311,Lisha,Centini,
113608,Arlene,Klusman,
39710,Alease,Buemi,
37108,Louisa,Cronauer,
25110,Angella,Cetta,
19210,Cyndy,Goldammer,
35209,Rosio,Cork,
76109,Celeste,Korando,
84909,Twana,Felger,
5411,Estrella,Samu,
46910,Donte,Kines,
61511,Tiffiny,Steffensmeier,
114211,Edna,Miceli,
17411,Sue,Kownacki,
102611,Jesusa,Shin,
25409,Rolland,Francescon,
104704,Pamella,Schmierer,
76808,Glory,Kulzer,
58711,Shawna,Palaspas,
81910,Brandon,Callaro,
81009,Scarlet,Cartan,
81510,Oretha,Menter,
24909,Ty,Smith,
19511,Xuan,Rochin,
105611,Lindsey,Dilello,
30110,Devora,Perez,
48709,Herman,Demesa,
11309,Rory,Papasergi,
78511,Talia,Riopelle,
76909,Van,Shire,
56708,Lucina,Lary,
47311,Bok,Isaacs,
2610,Rolande,Spickerman,
36411,Howard,Paulas,
21009,Kimbery,Madarang,
24509,Thurman,Manno,
24510,Becky,Mirafuentes,
88108,Beatriz,Corrington,
124908,Marti,Maybury,
118611,Nieves,Gotter,
61310,Leatha,Hagele,
43809,Valentin,Klimek,
52809,Melissa,Wiklund,
93411,Sheridan,Zane,
25309,Bulah,Padilla,
118008,Audra,Kohnert,
85810,Daren,Weirather,
62308,Fernanda,Jillson,
92610,Gearldine,Gellinger,
41811,Chau,Kitzman,
116610,Theola,Frey,
86711,Cheryl,Haroldson,
64011,Laticia,Merced,
72610,Carissa,Batman,
4311,Lezlie,Craghead,
108209,Ozell,Shealy,
39611,Arminda,Parvis,
41711,Reita,Leto,
61509,Yolando,Luczki,
6910,Lizette,Stem,
105809,Gregoria,Pawlowicz,
32409,Carin,Deleo,
101510,Chantell,Maynerich,
46309,Dierdre,Yum,
57110,Larae,Gudroe,
126410,Latrice,Tolfree,
122708,Kerry,Theodorov,
83910,Dorthy,Hidvegi,
55409,Fannie,Lungren,
10611,Evangelina,Radde,
24410,Novella,Degroot,
18211,Clay,Hoa,
77508,Jennifer,Fallick,
16310,Irma,Wolfgramm,
62310,Eun,Coody,
93711,Sylvia,Cousey,
57410,Nana,Wrinkles,
92909,Layla,Springe,
39608,Joesph,Degonia,
99609,Annabelle,Boord,
12911,Stephaine,Vinning,
22911,Nelida,Sawchuk,
14911,Marguerita,Hiatt,
68009,Carmela,Cookey,
91210,Junita,Brideau,
118310,Claribel,Varriano,
15911,Benton,Skursky,
34108,Hillary,Skulski,
112910,Merilyn,Bayless,
92711,Teri,Ennaco,
53109,Merlyn,Lawler,
30809,Georgene,Montezuma,
30308,Jettie,Mconnell,
37910,Lemuel,Latzke,
28110,Melodie,Knipp,
108811,Candida,Corbley,
135710,Karan,Karpin,
21608,Andra,Scheyer,
94909,Felicidad,Poullion,
36911,Belen,Strassner,
25510,Gracia,Melnyk,
93908,Jolanda,Hanafan,
27310,Barrett,Toyama,
52411,Helga,Fredicks,
46809,Ashlyn,Pinilla,
47909,Fausto,Agramonte,
103811,Ronny,Caiafa,
69008,Marge,Limmel,
44810,Norah,Waymire,
92409,Aliza,Baltimore,
3510,Mozell,Pelkowski,
43708,Viola,Bitsuie,
32610,Franklyn,Emard,
73908,Willodean,Konopacki,
77309,Beckie,Silvestrini,
85509,Rebecka,Gesick,
84809,Frederica,Blunk,
19108,Glen,Bartolet,
84211,Freeman,Gochal,
107909,Vincent,Meinerding,
9611,Rima,Bevelacqua,
91109,Glendora,Sarbacher,
68011,Avery,Steier,
22208,Cristy,Lother,
2409,Nicolette,Brossart,
56310,Tracey,Modzelewski,
36708,Virgina,Tegarden,
45409,Tiera,Frankel,
41208,Alaine,Bergesen,
135210,Earleen,Mai,
21808,Leonida,Gobern,
24108,Ressie,Auffrey,
27711,Justine,Mugnolo,
63308,Eladia,Saulter,
111111,Chaya,Malvin,
69309,Gwenn,Suffield,
74809,Salena,Karpel,
108109,Yoko,Fishburne,
50911,Taryn,Moyd,
46308,Katina,Polidori,
24708,Rickie,Plumer,
138408,Alex,Loader,
63410,Lashon,Vizarro,
39009,Lauran,Burnard,
16211,Ceola,Setter,
68010,My,Rantanen,
49010,Lorrine,Worlds,
125608,Peggie,Sturiale,
98411,Marvel,Raymo,
38511,Daron,Dinos,
35809,An,Fritz,
95007,Portia,Stimmel,
25009,Rhea,Aredondo,
11810,Benedict,Sama,
2010,Alyce,Arias,
35109,Heike,Berganza,
89711,Carey,Dopico,
40210,Dottie,Hellickson,
94211,Deandrea,Hughey,
48309,Kimberlie,Duenas,
52308,Martina,Staback,
58510,Skye,Fillingim,
59010,Jade,Farrar,
90311,Charlene,Hamilton,
7810,Geoffrey,Acey,
53910,Stevie,Westerbeck,
41609,Pamella,Fortino,
79608,Harrison,Haufler,
30811,Johnna,Engelberg,
47811,Buddy,Cloney,
92208,Dalene,Riden,
91808,Jerry,Zurcher,
74110,Haydee,Denooyer,
40711,Joseph,Cryer,
3908,Deonna,Kippley,
16111,Raymon,Calvaresi,
102811,Alecia,Bubash,
69809,Ma,Layous,
53009,Detra,Coyier,
135010,Terrilyn,Rodeigues,
11010,Salome,Lacovara,
69708,Garry,Keetch,
90711,Matthew,Neither,
94209,Theodora,Restrepo,
39208,Noah,Kalafatis,
84808,Carmen,Sweigard,
17410,Lavonda,Hengel,
110310,Junita,Stoltzman,
10809,Herminia,Nicolozakes,
31109,Casie,Good,
121808,Reena,Maisto,
74708,Mirta,Mallett,
22810,Cathrine,Pontoriero,
79808,Filiberto,Tawil,
31909,Raul,Upthegrove,
6009,Sarah,Candlish,
17009,Lucy,Treston,
37808,Judy,Aquas,
60708,Yvonne,Tjepkema,
128110,Kayleigh,Lace,
70108,Felix,Hirpara,
52311,Tresa,Sweely,
46509,Kristeen,Turinetti,
68209,Jenelle,Regusters,
52310,Renea,Monterrubio,
79908,Olive,Matuszak,
29811,Ligia,Reiber,
101610,Christiane,Eschberger,
58609,Goldie,Schirpke,
104511,Loreta,Timenez,
44311,Fabiola,Hauenstein,
59011,Amie,Perigo,
116410,Raina,Brachle,
38008,Erinn,Canlas,
91411,Cherry,Lietz,
31511,Kattie,Vonasek,
72409,Lilli,Scriven,
85411,Whitley,Tomasulo,
19308,Barbra,Adkin,
20910,Hermila,Thyberg,
91408,Jesusita,Flister,
40011,Caitlin,Julia,
63911,Roosevelt,Hoffis,
71311,Helaine,Halter,
85211,Lorean,Martabano,
54509,France,Buzick,
101809,Justine,Ferrario,
107109,Adelina,Nabours,
27909,Derick,Dhamer,
55108,Jerry,Dallen,
83311,Leota,Ragel,
19510,Jutta,Amyot,
71410,Aja,Gehrett,
4710,Kirk,Herritt,
19910,Leonora,Mauson,
5409,Winfred,Brucato,
134710,Tarra,Nachor,
85407,Corinne,Loder,
77110,Dulce,Labreche,
134210,Kate,Keneipp,
100310,Kaitlyn,Ogg,
100010,Sherita,Saras,
30410,Lashawnda,Stuer,
22709,Ernest,Syrop,
98611,Nobuko,Halsey,
78510,Lavonna,Wolny,
75511,Lashaunda,Lizama,
111510,Mariann,Bilden,
13409,Helene,Rodenberger,
93311,Roselle,Estell,
97410,Samira,Heintzman,
14208,Margart,Meisel,
12311,Kristofer,Bennick,
95009,Weldon,Acuff,
82408,Shalon,Shadrick,
41710,Denise,Patak,
66509,Louvenia,Beech,
34310,Audry,Yaw,
113011,Kristel,Ehmann,
33311,Vincenza,Zepp,
51811,Elouise,Gwalthney,
59711,Venita,Maillard,
98910,Kasandra,Semidey,
103309,Xochitl,Discipio,
41308,Maile,Linahan,
99708,Krissy,Rauser,
3411,Pete,Dubaldi,
91911,Linn,Paa,
61908,Paris,Wide,
95011,Wynell,Dorshorst,
90509,Quentin,Birkner,
12510,Regenia,Kannady,
92911,Sheron,Louissant,
99309,Izetta,Funnell,
39809,Rodolfo,Butzen,
24009,Zona,Colla,
95308,Serina,Zagen,
6010,Paz,Sahagun,
117010,Markus,Lukasik,
31011,Jaclyn,Bachman,
89611,Cyril,Daufeldt,
71610,Gayla,Schnitzler,
61608,Erick,Nievas,
116808,Jennie,Drymon,
38911,Mitsue,Scipione,
48909,Ciara,Ventura,
257405,Galen,Cantres,
41109,Truman,Feichtner,
51008,Gail,Kitty,
82711,Dalene,Schoeneck,
57009,Gertude,Witten,
98309,Lizbeth,Kohl,
28911,Glenn,Berray,
53011,Lashandra,Klang,
99311,Lenna,Newville,
68109,Laurel,Pagliuca,
73511,Mireya,Frerking,
6909,Annelle,Tagala,
34009,Dean,Ketelsen,
112311,Levi,Munis,
43108,Sylvie,Ryser,
111711,Sharee,Maile,
37511,Cordelia,Storment,
58411,Mollie,Mcdoniel,
104411,Brett,Mccullan,
95310,Teddy,Pedrozo,
7411,Tasia,Andreason,
105511,Hubert,Walthall,
110810,Arthur,Farrow,
92309,Vilma,Berlanga,
80911,Billye,Miro,
118411,Glenna,Slayton,
13808,Mitzie,Hudnall,
51210,Bernardine,Rodefer,
105211,Staci,Schmaltz,
32709,Nichelle,Meteer,
87108,Janine,Rhoden,
97409,Ettie,Hoopengardner,
122909,Eden,Jayson,
89708,Lynelle,Auber,
1711,Merissa,Tomblin,
70311,Golda,Kaniecki,
83111,Catarina,Gleich,
104211,Virgie,Kiel,
122310,Jolene,Ostolaza,
44809,Keneth,Borgman,
54209,Rikki,Nayar,
110908,Elke,Sengbusch,
2711,Hoa,Sarao,
93309,Trinidad,Mcrae,
27010,Mari,Lueckenbach,
4310,Selma,Husser,
17511,Antione,Onofrio,
115411,Luisa,Jurney,
33810,Clorinda,Heimann,
123110,Dick,Wenzinger,
36008,Ahmed,Angalich,
87608,Iluminada,Ohms,
4709,Joanna,Leinenbach,
73011,Caprice,Suell,
22210,Stephane,Myricks,
43910,Quentin,Swayze,
106710,Annmarie,Castros,
118011,Shonda,Greenbush,
26108,Cecil,Lapage,
208205,Jeanice,Claucherty,
110411,Josphine,Villanueva,
48410,Daniel,Perruzza,
83010,Cassi,Wildfong,
51108,Britt,Galam,
36511,Adell,Lipkin,
42908,Jacqueline,Rowling,
115111,Lonny,Weglarz,
28710,Lonna,Diestel,
108009,Cristal,Samara,
93310,Kenneth,Grenet,
211,Elli,Mclaird,
47911,Alline,Jeanty,
38910,Sharika,Eanes,
3710,Nu,Mcnease,
88908,Daniela,Comnick,
23609,Cecilia,Colaizzo,
10408,Leslie,Threets,
78308,Nan,Koppinger,
90908,Izetta,Dewar,
93511,Tegan,Arceo,
85510,Ruthann,Keener,
39209,Joni,Breland,
97708,Vi,Rentfro,
114011,Colette,Kardas,
5310,Malcolm,Tromblay,
40810,Ryan,Harnos,
20809,Jess,Chaffins,
3808,Sharen,Bourbon,
28609,Nickolas,Juvera,
16609,Gary,Nunlee,
29408,Diane,Devreese,
103908,Roslyn,Chavous,
23511,Glory,Schieler,
51910,Rasheeda,Sayaphon,
46208,Alpha,Palaia,
81010,Refugia,Jacobos,
32011,Shawnda,Yori,
47209,Mona,Delasancha,
67511,Gilma,Liukko,
111211,Janey,Gabisi,
14609,Lili,Paskin,
85611,Loren,Asar,
8911,Dorothy,Chesterfield,
89109,Gail,Similton,
28910,Catalina,Tillotson,
23209,Lawrence,Lorens,
15610,Carlee,Boulter,
89710,Thaddeus,Ankeny,
82111,Jovita,Oles,
25111,Alesia,Hixenbaugh,
16011,Lai,Harabedian,
113611,Brittni,Gillaspie,
88210,Raylene,Kampa,
14209,Flo,Bookamer,
11410,Jani,Biddy,
25909,Chauncey,Motley,